0,1,2,3,4,5,6,7,8,9
3.307633e-05,0.0036355457,0.02355409,0.0068575735,0.0019511891,0.015657991,0.00089877145,0.00035655827,0.0006302148,0.946425
2.9966822e-07,2.510979e-05,0.0038832284,0.02528694,1.8881121e-05,0.0052857804,0.0019611206,6.8015675e-06,0.9632895,0.00024240058
3.966607e-29,1.0,1.9977142e-18,1.1556648e-16,2.3484558e-11,2.8482525e-18,2.9910091e-24,7.616312e-23,8.030699e-14,1.0195162e-09
9.727564e-11,4.4502005e-10,1.4432433e-13,1.5768966e-13,4.7435948e-11,1.0,1.1460498e-13,2.9909246e-12,4.10967e-09,9.712704e-13
6.5434674e-06,0.85966796,0.0008621897,0.08133291,0.0019736434,0.04665315,0.0010251869,7.661989e-08,0.00010228728,0.008375971
9.1471956e-23,1.0,5.247305e-23,1.6405724e-14,9.47753e-16,4.358955e-16,3.7165613e-20,1.1193837e-14,6.174549e-20,1.7230204e-15
9.287733e-08,5.5617753e-19,4.9894824e-11,8.86216e-20,3.454165e-10,3.5781448e-16,5.3941186e-17,2.2655407e-23,1.9910854e-20,0.9999999
7.326573e-12,7.349913e-10,1.0040212e-07,0.0037832817,3.5084446e-07,2.3133629e-05,1.9872105e-06,3.5912506e-09,7.526763e-07,0.9961904
1.123843e-09,1.0050928e-05,2.0491245e-05,0.00083019835,0.9987061,3.2136097e-06,5.2049923e-08,2.23781e-09,1.1533533e-06,0.00042861945
9.517178e-09,1.0144199e-06,4.7008734e-11,1.2335909e-09,4.8769113e-08,1.600246e-11,9.918606e-11,0.99999774,1.4773127e-10,1.2355542e-06
0.10148476,0.007435493,0.5273379,0.04724588,0.021860616,0.03952001,0.030187394,0.0073783263,0.01246738,0.2050822
1.0269028e-25,1.7149576e-16,0.99999833,1.6051328e-10,1.5857353e-06,3.1552406e-16,7.680135e-08,9.202278e-21,1.5895278e-10,9.4983204e-17
0.9999999,6.6939215e-10,7.616816e-09,2.6374058e-10,3.426108e-10,8.120366e-08,3.123481e-08,9.3189456e-08,1.7031847e-10,2.8441652e-10
1.091027e-15,9.106821e-19,2.742912e-17,1.3289214e-08,6.2649925e-19,6.066233e-07,1.1513387e-16,5.177748e-23,0.9999994,1.751109e-10
1.5610633e-18,8.165149e-16,6.502423e-10,0.9998579,2.2964375e-11,2.9999906e-22,0.00014212755,2.9516565e-29,1.1525733e-08,2.8273238e-11
0.022037748,0.0058418377,0.08069186,0.0070239846,0.0021896092,0.015170266,0.00052902714,0.015851853,0.004593239,0.8460706
0.92923784,0.00063713605,0.03403055,0.019835284,0.0014523211,0.0033729854,0.0014786765,2.8105596e-06,0.0008016785,0.009150642
3.6489517e-10,5.3170325e-08,1.1375461e-12,2.6089336e-13,2.9323674e-10,1.3049005e-11,1.8096984e-12,1.0,5.257669e-10,1.11778364e-10
0.18026409,0.004766743,0.021549512,0.0072305636,0.15543143,0.0018576636,0.036574434,0.57043105,0.0013103607,0.02058407
2.6845182e-06,2.7819192e-06,0.0031786836,0.27486125,1.8790379e-05,0.0068196626,0.0016643258,2.468837e-07,0.00012979638,0.7133218
0.4612264,0.00082474935,0.17066073,0.062474743,0.00033193224,0.076711625,0.0057044253,3.4130542e-05,0.0012743524,0.22075686
8.7452536e-05,0.56949455,0.0021389308,0.20818906,0.021148818,0.036860947,0.0021794375,1.2995293e-06,0.00024833647,0.15965112
0.00023365673,0.0001530489,4.7673902e-07,0.00012855772,0.0010420359,0.98201776,2.2000765e-07,0.001042343,0.00012013117,0.015261791
9.361756e-05,6.0012475e-08,2.5182339e-05,0.00013396803,1.0551626e-06,0.99933475,5.4582294e-08,3.4806565e-08,8.35507e-06,0.00040278852
1.5788518e-14,1.1637977e-13,1.8948029e-14,2.173852e-11,5.6781318e-14,0.9999999,8.40554e-11,1.581526e-13,8.5622695e-08,7.3146775e-12
6.0218557e-05,0.00011539023,0.46752506,0.37905174,0.00017753162,0.00015334891,0.11754643,6.8809004e-07,0.028155243,0.007214215
0.0010743088,0.0013795284,0.47557756,0.3579567,0.028202334,0.0007377703,0.02900862,0.012449768,0.00586426,0.08774915
0.0022356939,0.026060142,0.00028665265,0.0020386716,0.03879252,0.012360039,0.00013495392,0.00034588552,0.0007442128,0.91700125
3.0542985e-08,0.00021768948,1.9235766e-07,0.000737847,0.99899894,4.3272183e-05,5.5836193e-07,1.0841258e-06,4.7572892e-09,4.7126127e-07
0.015619875,0.0031751704,0.73363394,0.033953052,0.014522744,0.010947957,0.02107905,0.0015071986,0.0061200764,0.15944102
1.0489595e-08,3.2651272e-08,2.8735583e-10,2.7273444e-09,1.1170504e-06,0.9999989,6.3170347e-10,3.1852103e-08,8.388995e-09,6.749354e-09
0.8205631,8.815676e-06,0.10012291,0.01856141,2.7252909e-05,0.0019040082,0.00040695458,3.306597e-08,0.0042856326,0.05411986
6.212332e-11,1.3651637e-06,5.84526e-05,0.005187147,0.001614771,2.080659e-12,0.99313813,1.8478871e-10,1.4639191e-07,1.013999e-09
2.2615747e-08,1.3584042e-05,1.0068299e-10,4.185119e-06,1.10599466e-07,0.9992513,2.259131e-11,1.1191689e-06,0.00027136054,0.0004582536
0.00025941597,0.0003053678,0.046198186,0.5939097,0.0033493584,6.991555e-05,0.31095815,5.7366344e-07,0.04051655,0.004432742
0.75736976,0.0012037851,0.22437696,0.0027585994,0.003706058,0.00372834,0.0051482944,5.6582376e-05,6.5227854e-05,0.0015863602
0.13747129,0.0025396752,0.08898282,0.12705985,0.0035772133,0.119059294,0.004684878,0.0025518946,0.0025632007,0.5115099
0.0457944,0.00012418066,0.1254156,0.16923557,0.00132046,0.0026791017,0.009009463,0.00023583762,0.026423428,0.61976194
1.0767707e-05,0.000182768,0.024202416,0.8130145,0.0036772091,6.220058e-05,0.070845835,4.817899e-08,0.085602336,0.0024019452
5.4470976e-05,0.0001086549,0.9803683,0.005447797,0.00029955068,0.0016973454,0.0010080645,3.8924418e-07,0.0013321738,0.009683153
1.9590793e-21,5.947061e-24,4.593266e-19,6.1163014e-10,3.3676258e-20,1.9155958e-14,1.1831246e-16,6.052291e-32,1.0,1.8677695e-14
1.2136164e-11,5.8156616e-07,6.1790536e-13,1.131615e-13,3.1835679e-10,6.5749003e-12,4.1478765e-12,0.99999905,5.734708e-12,3.6918013e-07
5.914645e-15,1.840887e-17,1.5984266e-17,1.1393276e-18,1.0,1.0582765e-28,3.455665e-19,1.0911206e-20,2.6577856e-30,1.3062787e-28
5.374531e-12,6.068167e-07,1.2550041e-08,6.309336e-07,0.00014701425,1.5591023e-10,0.9998518,8.35222e-10,6.9636794e-09,5.0664045e-08
0.004804292,0.00027144508,0.29884046,0.059358336,0.6189544,6.149675e-05,0.011311739,0.0032318765,0.00021017522,0.002955792
0.00013097322,0.0007834268,0.15802366,0.023621237,0.00017480749,0.010557197,0.00324655,2.3506896e-05,0.004043683,0.79939497
6.4949576e-13,3.00251e-16,3.3370995e-13,1.6182108e-08,1.7284986e-14,8.3249546e-10,5.6318174e-14,2.037912e-22,1.0,3.949352e-09
0.949012,0.0011069232,0.023675911,0.009948634,0.0006506574,0.004914341,0.00053095387,1.6399158e-06,0.0005836801,0.009575366
1.9272516e-08,4.212387e-05,0.000289876,0.0012189358,8.610348e-05,1.0610734e-06,0.0006780596,3.622073e-07,2.0992409e-06,0.99768126
0.040379535,0.004041794,0.6423853,0.045070525,0.021971036,0.02189659,0.038384046,0.00519735,0.0108487215,0.16982506
1.1176413e-09,4.263895e-09,4.0605527e-12,1.6416571e-12,2.3976737e-10,1.0,2.239031e-12,3.541039e-10,1.30988225e-08,1.0607511e-11
2.215674e-06,0.015565387,0.00047329644,1.0105495e-07,6.107202e-08,0.0034857164,2.2396938e-11,2.1803019e-06,2.0314683e-08,0.980471
0.9966168,5.6333873e-05,0.00013103415,4.5525835e-06,3.4611727e-05,0.0005923619,5.3128355e-05,0.000107383355,0.002025077,0.00037883822
1.5586314e-10,8.1198706e-08,1.3075356e-12,3.0824326e-11,3.3869434e-09,5.3146593e-08,2.1303355e-10,0.9999999,2.5296988e-08,6.301697e-10
0.0,1.0,0.0,0.0,0.0,0.0,0.0,0.0,0.0,3.398443e-20
4.8298825e-05,0.0138464,0.008150102,0.0013774725,0.01872464,0.0019289146,0.0076515414,0.00016822935,0.1276646,0.8204398
3.955995e-06,3.7124288e-09,1.0498596e-05,0.00010785528,2.0755146e-11,0.994827,7.440054e-10,2.3390827e-09,2.0576072e-06,0.005048716
5.5846053e-12,2.7793484e-07,9.376195e-15,1.110661e-11,5.3140436e-10,1.4991338e-08,3.2001986e-12,0.9999995,2.5916114e-07,7.974236e-10
2.0955682e-05,0.00030427956,8.944634e-05,1.4055649e-05,5.033233e-05,0.9995053,7.8119297e-07,1.2246016e-06,5.2256173e-08,1.3495082e-05
2.9720137e-25,5.120067e-22,1.575917e-16,8.251343e-12,2.9154172e-19,1.6960448e-12,4.6152454e-16,2.5717667e-27,1.0,1.7239317e-18
1.4632638e-13,1.07354785e-14,1.7683332e-08,3.3968592e-10,0.99999976,1.82112e-17,2.8115666e-13,1.9529911e-07,3.3791404e-21,7.9977503e-19
7.023154e-07,1.4293205e-05,2.3766731e-06,2.0386674e-06,2.9600002e-05,0.9998275,2.9831003e-06,1.4215976e-05,6.846575e-05,3.7818238e-05
1.5761756e-08,1.8377232e-05,6.7508736e-05,0.0014256581,0.99848086,4.5414488e-08,5.699938e-06,6.2834005e-08,4.9790042e-08,1.7147465e-06
5.1629655e-08,0.00017105468,4.015511e-06,0.008028056,0.99178034,4.8943225e-06,3.2412927e-06,8.179927e-09,2.6271314e-07,8.141626e-06
1.00375075e-07,2.547221e-07,0.0004876406,0.04226997,4.1242793e-06,3.4947352e-05,9.7414384e-05,3.9159707e-07,6.386005e-06,0.9570988
0.033627514,0.0032920905,0.1228744,0.009128019,0.0033478965,0.0030365842,0.013934218,5.092125e-05,0.0015854905,0.8091228
1.9695545e-08,3.1892562e-06,0.01601861,0.80766726,4.136356e-05,6.4606315e-06,0.08959065,4.3434412e-11,0.08665764,1.4786065e-05
1.6557529e-14,2.5500092e-21,9.383648e-21,1.733894e-14,3.5760813e-18,1.0,1.1252402e-22,1.1947964e-13,2.1028697e-12,1.6274532e-12
0.0,1.0,7.3813706e-36,4.1075898e-33,8.810227e-33,2.3342059e-37,0.0,0.0,6.644738e-38,2.0711593e-13
3.5059026e-07,3.4437169e-09,2.112247e-07,2.0692089e-05,2.8593556e-09,0.9995012,2.0521633e-10,1.2404346e-09,2.0883796e-05,0.00045659012
1.296799e-12,0.0001658861,0.00047427462,0.9967458,0.0006315272,1.4031869e-10,0.00135288,7.3829476e-10,4.459219e-05,0.0005850679
0.6789666,0.00086965656,0.16999164,0.010636814,0.001496327,0.0035646432,0.0020788831,1.7468694e-05,0.005559285,0.12681872
1.3481264e-07,3.3901248e-08,0.0058172927,0.00011085765,2.9799294e-08,0.0001546088,3.2639134e-06,5.018427e-05,1.62533e-06,0.9938619
0.00033946102,0.0012200533,0.01496887,0.00075104396,0.93698263,0.004883281,0.02244487,0.017794888,0.00016398387,0.00045095416
0.01929437,0.003315687,0.60412616,0.07037565,0.0021272532,0.0017744226,0.2030486,3.2685777e-05,0.03249736,0.06340792
4.194699e-09,1.4865238e-07,5.2849786e-12,7.2079714e-10,9.7764016e-08,7.3610595e-06,5.287888e-10,0.999992,3.9280496e-07,2.0202304e-09
5.543243e-06,0.001498874,0.00044834096,0.9538965,0.0005317399,0.004018297,0.0010175778,2.160218e-08,9.07726e-06,0.038574062
1.0945142e-12,1.6024206e-08,5.1897725e-16,1.1918317e-15,7.5143586e-14,2.9435664e-12,4.1951493e-16,1.0,1.6067519e-11,7.063132e-09
2.8338166e-18,0.0,1.1473719e-30,2.0959806e-21,4.1062476e-23,1.0,1.4314161e-25,2.068582e-31,1.8077371e-29,7.9814466e-19
0.016622728,0.029021678,0.27357256,0.047566146,0.16772904,0.0030067768,0.032617398,0.05344586,0.0040112077,0.37240657
0.03042133,0.01749135,0.28266686,0.02401301,0.33800632,0.011038591,0.2334466,0.0537833,0.0016501932,0.007482463
6.8673444e-08,6.463552e-08,0.00026486279,0.9015475,2.5134548e-06,1.8899189e-09,0.028604526,5.394585e-14,0.06957301,7.4477957e-06
0.00018298405,0.003173491,0.5778511,0.06675931,0.02513413,0.0027847493,0.0075771944,0.0001383336,0.004815935,0.31158277
2.436302e-12,8.379958e-15,4.414991e-12,1.8599475e-07,3.4414604e-13,6.301471e-09,1.8855104e-12,1.637804e-19,0.99999976,9.440126e-09
0.00070483494,0.00016149388,0.9195355,0.03101901,0.0128112035,0.0014860079,0.0058546662,2.6251932e-05,0.01869567,0.009705416
0.05845529,0.0025986996,0.34450236,0.107481875,0.01033577,0.012090106,0.06883866,0.0051715705,0.05283169,0.33769396
0.7657848,0.0050146254,0.06397734,0.015241748,0.03667909,0.011621465,0.01916241,0.037583623,0.0049051414,0.040029798
3.1588006e-06,6.2905733e-06,0.00081781996,0.0002839746,0.98094004,6.878148e-08,1.8268951e-05,0.017920444,2.41711e-09,9.916301e-06
7.795313e-05,1.7927665e-05,0.0032766862,0.35706368,5.6054552e-05,0.010013669,0.0116066355,4.679093e-06,0.0011284851,0.61675423
1.9889144e-20,8.684e-18,3.0711052e-12,5.8121126e-09,4.3646807e-15,9.473e-11,5.165184e-12,4.119631e-23,1.0,5.4739305e-15
2.97592e-33,8.371718e-25,2.205985e-14,2.2248103e-06,1.018199e-19,4.7531627e-20,6.5815916e-12,0.0,0.99999774,4.71457e-21
1.2006142e-05,0.013364111,0.24517515,0.05629042,0.0005632294,0.0022099046,0.009332438,2.1994244e-06,0.018004399,0.6550461
0.17791681,0.00028256947,0.562382,0.03414448,0.00031380757,0.0023634299,0.010578983,1.4147673e-07,0.16263291,0.04938488
2.9606366e-11,1.4389867e-09,1.0250448e-09,1.02202226e-10,1.2591614e-05,6.513142e-11,6.290584e-13,0.99998736,7.735599e-14,9.841476e-13
1.3977952e-06,0.00010164407,0.8759427,0.0051383046,2.0957104e-05,2.7312291e-05,0.1151623,2.8666292e-10,0.0008489518,0.002756444
0.04656981,4.5581477e-05,0.78738964,0.01988614,0.0029831605,0.0005689589,0.00091894076,1.0160132e-05,0.027924972,0.1137027
2.1924207e-12,4.7730106e-07,8.021328e-13,1.4828458e-13,3.2478326e-10,2.9139923e-11,9.739038e-13,0.99999917,7.484508e-12,3.2310777e-07
3.2158945e-16,8.70683e-16,2.644256e-14,1.2176658e-11,1.4875587e-12,4.8122273e-10,6.803535e-15,1.9287895e-19,1.0,2.3295635e-10
0.0006850751,5.5751767e-05,0.8823076,0.062677324,0.0074234144,0.0005522532,0.012706257,6.176905e-05,0.021688107,0.011842496
0.010656356,0.004124706,0.020357333,0.17693415,0.35017395,0.00068250654,0.07594983,0.00025729428,0.007361896,0.35350198
1.0634402e-07,8.527281e-05,2.2719396e-07,9.935313e-08,5.3548765e-06,2.0410089e-06,1.4308515e-07,0.99987483,2.6394289e-06,2.9213654e-05
1.3253653e-09,3.3015317e-06,2.1549002e-11,8.4615087e-10,2.5723233e-07,1.362487e-10,1.2958239e-10,0.9999964,1.9008814e-10,2.3831507e-08
2.7824382e-10,2.8137754e-07,4.8520753e-12,2.5506564e-10,7.772721e-09,3.7260833e-07,3.1451675e-10,0.9999982,1.1835281e-06,1.7849551e-08
0.99999917,1.1357957e-08,3.458022e-08,8.220089e-09,2.3733941e-09,3.6690258e-07,1.1602984e-07,3.4809636e-07,1.4013138e-09,7.649481e-09
0.0012935065,0.0029252754,0.5629225,0.15907861,0.01872132,0.0021822345,0.07168536,0.00017734869,0.005286251,0.17572758
6.2797927e-31,8.382492e-21,1.0205739e-18,1.5462025e-16,1.0,1.3864103e-29,3.58959e-30,9.316074e-18,1.213778e-36,3.4503214e-24
0.001223454,0.00016360408,0.7516891,0.0062382556,3.390843e-05,0.042936385,0.018431405,4.4236993e-05,0.000972118,0.17826745
1.0544258e-08,1.932325e-09,1.5368706e-06,0.99921536,2.5378554e-07,3.208529e-11,0.0006983231,1.4866975e-16,1.7462433e-05,6.698434e-05
5.8611554e-06,0.017513795,0.22814178,0.07034948,0.0028949336,0.0008035368,0.012205096,8.1149074e-07,0.06624062,0.601844
4.4007792e-10,8.862986e-17,1.3698115e-10,8.8641694e-17,4.1488852e-12,1.300784e-13,3.188824e-16,4.754721e-10,1.0614665e-13,1.0
1.7327872e-06,3.600822e-08,4.446532e-08,7.143335e-06,5.6376875e-06,0.9999238,4.577294e-09,1.9853162e-05,2.4681161e-05,1.7172239e-05
3.7451504e-14,3.2467637e-10,2.7742862e-11,1.4334652e-10,1.0,2.599487e-16,1.1587323e-13,7.748061e-09,2.0007225e-22,9.0925645e-18
0.00042139273,0.000108690685,5.4777634e-06,1.1725061e-06,0.00062556413,2.451627e-05,7.424246e-06,0.99878305,1.788456e-05,4.7845615e-06
0.0030173555,0.0010102548,0.019338211,0.0017988326,0.00095787714,0.0018646418,0.00065610075,0.016144397,0.0015953706,0.953617
0.09677401,0.0053623323,0.290002,0.122823834,0.053669494,0.0070322924,0.0894137,0.011012151,0.003765981,0.32014427
3.4018447e-06,4.1464773e-07,9.94195e-07,9.220797e-06,1.7927847e-06,0.001417962,7.4273435e-06,2.7114447e-06,0.9984567,9.933052e-05
0.0019472489,0.0123476805,8.079705e-07,0.002003013,3.132513e-06,0.98358387,1.40428465e-05,9.787078e-07,9.1325535e-05,7.900736e-06
3.8761194e-17,1.1890787e-09,9.73626e-13,2.3900898e-10,4.7233875e-08,1.06569416e-13,1.0,2.0567589e-13,1.38094935e-11,1.1373108e-10
5.6468146e-12,4.4929985e-07,1.477054e-13,1.9601958e-10,1.4524055e-09,6.750698e-20,8.6010035e-13,0.9999995,1.2816306e-13,1.0378731e-08
8.4224114e-11,8.722294e-06,8.109637e-06,0.0012434754,0.9987386,2.0087485e-08,2.4065992e-07,2.3662012e-09,2.6137263e-09,8.4485094e-07
0.0006541649,0.0005388241,0.24678575,0.00069385907,0.0005331145,0.0010601185,3.3306027e-05,0.006576268,0.00047844872,0.74264616
5.927232e-10,0.99643815,4.6623363e-06,2.7542383e-06,1.1692688e-05,4.9785895e-06,2.4050044e-09,4.2970875e-08,7.351846e-08,0.00353759
0.03184183,0.0033846374,0.6494245,0.06936851,0.015997035,0.041404203,0.08462419,0.0029926775,0.017864991,0.08309732
8.878981e-12,1.0711632e-14,3.3178345e-11,1.0247328e-10,1.0,2.4933283e-18,1.0578987e-10,1.8067309e-10,3.1347987e-11,1.2971255e-08
1.4785191e-22,1.0794801e-25,1.1708539e-16,1.080013e-07,5.1491945e-21,9.934027e-17,1.2597191e-14,1.1155867e-34,0.9999999,5.5454104e-15
9.992751e-13,1.4532354e-08,3.3583575e-16,1.4548313e-14,3.751487e-09,2.2744324e-17,1.9262046e-12,1.0,3.826419e-17,2.7415998e-14
1.890597e-06,1.986848e-06,1.2664942e-05,3.478008e-07,6.540885e-07,0.9999747,3.038005e-07,1.9052942e-06,5.14828e-06,3.8589937e-07
2.5486252e-15,8.428768e-11,5.5638144e-10,1.9285817e-05,1.6182717e-08,2.2650723e-07,1.3739544e-08,1.9828592e-14,0.99998045,5.9545183e-08
8.6543e-08,2.9521296e-05,0.0012252753,0.03100474,1.2551229e-05,0.0011138628,0.0004209664,1.03278346e-07,0.00046556443,0.9657273
0.021045754,0.00095065444,0.007113296,0.0031425334,0.0025617979,0.962664,0.0006804305,0.0006714814,0.0006205934,0.0005494604
0.0001858918,0.004066935,0.2855583,0.3710596,0.010562661,0.0007480473,0.08744266,2.7057517e-06,0.17919978,0.0611735
0.04265208,0.006828403,0.4077348,0.033751573,0.031577032,0.039584193,0.033185914,0.07695132,0.015242778,0.31249183
3.6741493e-08,0.00015779793,1.0686003e-08,1.3596933e-08,2.3385662e-07,8.11797e-07,7.103737e-09,0.99981016,1.1831741e-05,1.9190513e-05
6.98275e-16,8.2562394e-12,3.2601215e-19,7.9445477e-17,8.715445e-14,1.7129315e-11,3.3435438e-15,1.0,3.061451e-11,9.196144e-15
2.9177358e-05,0.00060826004,0.0037312203,0.3270432,0.64899516,6.877082e-05,0.005388909,8.4613833e-07,0.009747231,0.0043872246
1.3200561e-07,2.571102e-07,0.0067516463,0.9107173,2.216957e-05,1.5775517e-07,0.050351504,4.9548267e-13,0.032102846,5.3903226e-05
0.01551823,6.610914e-06,0.0473675,0.017057154,2.641545e-07,0.77629054,0.00033399733,8.5937427e-07,6.5854365e-06,0.1434183
1.624701e-05,2.6172063e-07,2.2909136e-07,5.879612e-07,5.5334283e-07,0.007984001,8.988509e-06,2.0602272e-05,0.99168867,0.0002798212
3.594156e-16,2.237059e-11,8.20907e-05,0.997738,1.5218152e-08,6.425606e-13,0.002003431,3.3031858e-21,0.00017626687,2.3537105e-07
5.1788375e-13,1.9109137e-08,8.702709e-05,0.9990113,5.584655e-08,8.4690575e-09,0.000496141,5.251317e-18,0.00040538225,1.3609666e-07
3.6174694e-10,3.9984442e-09,3.557743e-12,1.897054e-12,1.7515943e-10,0.9999999,4.0843834e-12,3.98027e-11,6.381728e-08,9.202141e-12
0.004545482,0.0013238947,0.0056095896,0.015998174,0.0004982582,0.0025204895,0.010841115,0.0044950624,0.94625646,0.0079115145
0.018154241,0.0028615952,0.67612857,0.022911929,0.006087208,0.0053805793,0.01361078,0.0021461667,0.0075905,0.24512841
2.4336553e-27,5.4229903e-22,7.0372604e-20,8.69601e-12,3.2659453e-20,7.105769e-15,3.4414234e-16,2.1811422e-25,1.0,4.1245004e-18
2.0993859e-13,1.4122502e-15,5.6246735e-12,7.1899106e-12,1.0,1.4333908e-22,5.34215e-16,3.7978225e-13,2.5424828e-20,9.304572e-17
0.65385747,0.001544939,0.065977,0.011918297,0.0045302114,0.0024260667,0.0008958209,2.1096641e-05,0.00548216,0.25334695
6.006714e-10,3.3941414e-09,6.73562e-11,6.770267e-11,3.6432947e-08,1.0,5.667386e-11,1.051474e-09,1.558347e-09,5.815248e-10
4.1246896e-20,5.2443706e-15,9.54459e-12,0.0001744031,8.964649e-13,8.916731e-13,6.7853395e-10,4.538798e-22,0.99982566,9.8780865e-11
3.1309575e-29,1.6080772e-25,1.5638997e-21,1.2350921e-11,4.04132e-24,1.0775479e-15,1.0889501e-20,5.8052334e-35,1.0,8.374322e-18
1.1901161e-12,2.1270927e-09,5.5621506e-14,1.758034e-14,1.6697421e-10,4.203582e-13,2.1230745e-14,1.0,1.4503858e-12,2.878276e-12
3.5861183e-07,3.2922742e-08,6.134917e-11,7.402455e-10,2.601024e-07,0.99999714,2.8765883e-12,2.1199573e-06,6.935425e-08,8.708547e-09
0.19247717,0.0023144993,0.00027648476,0.0027918192,0.00037337778,9.128749e-05,0.0046407874,0.3692027,0.4191381,0.008693818
1.568593e-17,5.8048025e-16,4.974739e-17,8.468738e-18,1.0,8.1923396e-29,5.766111e-17,1.3442628e-21,7.600272e-28,3.0623413e-28
0.7675156,0.00036686688,0.10384307,0.009439302,0.0030563336,0.00080434745,0.0011963479,2.0849737e-05,0.0059186365,0.10783859
0.56074935,0.00032848874,0.05501668,0.14196762,0.0014167718,0.010444685,0.008910747,5.165091e-05,0.031031398,0.19008273
0.004460198,0.0016005189,0.0076529407,0.0010184374,0.0028676572,0.0034177697,0.0010945153,0.96156603,0.0020246122,0.014297372
1.7518507e-15,2.2317636e-29,1.1916923e-20,2.5009183e-12,3.7313712e-16,1.0,9.5355846e-17,2.6691134e-23,9.898785e-22,1.3838728e-12
8.622417e-07,9.721092e-10,0.9999577,7.16632e-06,1.3190109e-05,2.941085e-08,1.458781e-06,2.4876194e-09,1.0284166e-06,1.8657853e-05
0.99824226,3.9009345e-05,0.00026550447,3.561053e-05,0.0003381802,0.00035036867,8.8912515e-05,0.00061794725,1.5235861e-05,6.994077e-06
8.377827e-31,8.2155134e-21,6.3887264e-13,2.1739277e-06,6.4483954e-13,0.0,0.99999785,0.0,1.1577923e-18,4.2775294e-28
1.39885845e-08,2.788906e-08,4.9231556e-08,2.9322404e-12,1.359662e-06,3.1682035e-09,1.1155889e-11,3.5163728e-05,1.23595845e-08,0.9999634
0.20194043,0.0006302103,0.6290878,0.012629192,0.0009536601,0.0029934917,0.0018279463,8.002004e-06,0.014315763,0.13561343
0.078290194,0.0036024025,0.5464517,0.050463654,0.024064813,0.022723872,0.048418865,0.007521106,0.01824591,0.20021756
3.0654183e-26,3.199694e-23,1.4182568e-18,2.0680844e-09,2.586197e-21,3.385695e-14,5.643936e-18,5.529415e-32,1.0,2.2708803e-15
3.908823e-05,0.45247716,0.00013273943,0.001354028,0.06080072,0.00015943062,0.00048100835,0.0036159118,0.0005020249,0.48043784
3.9633496e-12,2.7188253e-07,3.109022e-13,3.525133e-14,1.2097348e-10,1.0303177e-10,2.5710426e-13,0.9999994,7.563727e-12,3.357426e-07
5.0922224e-21,0.9978065,1.2929041e-07,0.001377437,3.696046e-06,1.4767235e-14,2.8339386e-11,1.6430238e-21,9.883734e-09,0.0008122285
1.4951259e-22,1.0,1.398571e-19,2.6116628e-16,2.3400563e-13,1.205876e-15,8.466589e-22,1.274058e-14,8.4339605e-16,8.358866e-09
0.0,1.0,0.0,0.0,0.0,0.0,0.0,0.0,0.0,3.1319838e-22
3.0018543e-07,0.97860205,3.801658e-05,0.00021564391,0.0007164734,3.7788097e-05,3.9619094e-06,0.018465772,1.3093379e-06,0.0019186939
1.1099354e-07,2.9236242e-07,0.79458714,0.07194503,0.00034230377,6.090669e-06,0.008690604,1.9067903e-09,0.124398336,3.0143708e-05
0.04587532,0.018234199,0.22425568,0.09213675,0.2560458,0.024141816,0.10181165,0.078858875,0.00980134,0.14883853
0.9423826,3.2181993e-05,0.007834367,0.0062125013,0.00022403803,0.0004008983,0.0011364555,1.4469244e-06,0.00471709,0.037058555
5.5451682e-08,7.723571e-07,3.8027713e-11,1.5276498e-09,1.1679936e-07,2.1526576e-11,1.8728788e-10,0.99999845,6.7603373e-10,7.2288464e-07
1.6284943e-06,9.435574e-06,1.6569876e-06,3.1092273e-07,2.2689723e-07,0.99998605,1.6481648e-10,8.616364e-11,5.091704e-11,6.673652e-07
3.6699912e-05,0.007187708,0.04722431,0.80926025,0.0009063211,0.022803692,0.023247577,4.134966e-06,0.021187356,0.06814188
1.05679376e-07,4.4861874e-05,7.0781456e-09,1.0996108e-07,3.369293e-08,1.4923367e-08,1.60366e-08,0.99988234,7.16413e-05,9.772453e-07
2.1873454e-29,5.336082e-23,2.5828474e-19,1.6458606e-13,2.1372059e-21,1.2916132e-11,1.4451383e-17,3.8431472e-28,1.0,2.0355433e-21
0.008003858,0.002528378,0.327664,0.023748767,0.024400763,0.002879985,0.004659095,0.011687097,0.005507598,0.5889205
4.6513142e-07,5.994006e-06,2.6355938e-06,3.044923e-08,2.285283e-07,0.9999906,2.952837e-10,2.9874914e-09,5.6732376e-11,1.7347473e-07
1.2204349e-15,6.4963287e-18,1.31955765e-14,1.0647637e-09,2.068227e-16,1.6293322e-12,3.909474e-16,6.22881e-23,1.0,6.559187e-12
0.01056733,0.011035711,0.6227351,0.067626975,0.0034696274,0.008819661,0.13946618,0.0013749949,0.010357792,0.1245466
2.8638955e-12,6.2348293e-10,1.547278e-14,3.9989266e-12,1.1829039e-08,5.3179798e-14,2.4073495e-12,1.0,7.7081475e-12,1.4872169e-10
3.252439e-30,6.266024e-34,7.6878963e-28,6.0748927e-31,1.0,0.0,1.2470676e-37,1.6115148e-19,0.0,0.0
2.6578169e-09,1.523295e-09,2.5651157e-09,3.2619749e-10,2.4297578e-06,0.99999726,3.345559e-10,3.578493e-07,3.4504632e-09,1.2216441e-09
7.213241e-29,5.2574203e-24,1.6800756e-19,2.0649932e-10,1.3211969e-22,8.162976e-16,2.3447415e-18,7.828296e-34,1.0,7.656448e-17
0.28589055,0.03634259,0.008245599,0.0062363613,0.00031816817,0.23563927,2.7792462e-06,5.3191572e-05,5.8650345e-05,0.42721277
0.00052361196,0.001446372,0.04219539,0.54611444,0.00027983665,0.35012698,0.0014063135,3.9897523e-06,0.03896586,0.018937213
5.5518824e-05,0.9598962,0.0006474234,0.0011707961,0.02612145,0.00012991804,5.3581585e-05,0.0072278013,1.0549833e-05,0.0046867384
8.949939e-07,0.00032867907,0.022550888,0.7591219,0.055869326,3.978263e-05,0.0026858565,2.4420544e-07,0.0014684872,0.15793388
0.000660432,0.0020234676,9.442814e-05,0.56018746,6.7092756e-06,0.4264497,8.23465e-06,4.3989717e-10,0.00015499696,0.010414505
2.1525308e-36,4.2209134e-31,2.6360042e-24,1.2410694e-14,8.3618257e-29,5.5278244e-20,7.859814e-24,0.0,1.0,7.073044e-23
0.0009886607,0.0018406361,0.2767332,0.4133071,0.0091051385,0.0008897743,0.2082594,1.23236105e-05,0.07146555,0.017398257
0.008308959,0.0021534695,0.26065922,0.025520155,0.0026992662,0.5526977,0.002818293,0.00039934783,0.00078604574,0.14395757
2.2107394e-09,1.2585971e-12,2.4561932e-09,3.0573726e-06,3.7877656e-11,8.645821e-08,2.9337452e-10,4.1772182e-16,0.99999666,2.4264162e-07
6.067615e-08,5.1616795e-09,9.362866e-09,7.3842754e-10,9.730634e-07,0.9999988,1.4079227e-09,7.8494416e-08,8.027049e-09,2.7268202e-08
2.6182359e-05,9.679088e-06,1.7832039e-06,0.0003174067,0.98084795,5.3845353e-05,5.068573e-07,0.018739289,8.481457e-09,3.2801142e-06
0.00025739308,0.00021058418,1.0101112e-05,0.0010378319,8.40809e-05,0.023760187,3.5398723e-05,1.3895097e-07,0.0005973495,0.9740069
0.0017625506,4.8999274e-05,0.038243324,0.0025597655,0.07513031,2.754985e-05,0.005575334,9.4133575e-05,0.0001292298,0.87642884
0.6117611,0.001990003,0.28291228,0.03617124,0.0019548386,0.003270682,0.008637792,3.72108e-06,0.018494667,0.03480374
2.5259442e-07,3.2110013e-06,0.00015345216,0.00017095283,0.97578377,1.8422917e-08,1.7831956e-06,0.023885999,7.7248865e-09,5.1801584e-07
1.029314e-15,5.815299e-19,4.6600606e-22,8.226885e-21,6.0745663e-13,1.0,4.7379958e-23,3.7337243e-14,3.6986895e-17,8.319325e-20
1.3798395e-07,0.003965906,0.0062598614,0.12415673,0.0009498125,0.0010645321,0.016899467,6.226628e-08,0.0010033086,0.84570014
0.0018963662,0.0033714992,0.1488529,0.054708898,0.052506745,0.0009940158,0.025344733,0.00065738667,0.0006611729,0.7110062
0.001005374,0.018936679,0.0009983028,0.88307995,0.00031022486,0.07296817,6.5141925e-05,3.2739097e-06,0.002263287,0.020369671
0.00055330194,0.00043327795,0.66522276,0.112036996,0.002918469,0.005478066,0.009772617,4.1895815e-05,0.0457645,0.15777808
0.6893291,0.00012590464,0.029188927,0.0922568,0.000519852,0.0024253658,0.005421401,1.0329532e-05,0.018132335,0.16259016
1.07785425e-14,6.344355e-09,2.265631e-06,0.89230496,1.5036125e-08,2.527806e-07,4.897979e-06,4.037792e-19,2.2560577e-08,0.107687704
0.54133743,0.00039023283,0.029896246,0.14321074,0.0037979463,0.0068340614,0.01170825,0.00011872425,0.050216716,0.21248965
0.005668502,0.006854039,0.0020847057,0.009909745,0.0070851645,0.92899793,0.00045567198,0.000537944,0.008109767,0.030296545
2.3719656e-06,8.450646e-06,1.5826326e-05,7.5545063e-06,0.00025203565,0.9997093,1.492029e-06,1.2694909e-06,4.5334085e-07,1.1799285e-06
7.39749e-11,1.0694785e-15,2.0286223e-16,5.961871e-09,2.8809698e-14,0.9999981,2.279768e-19,1.20320005e-14,1.04700464e-10,1.8936726e-06
0.99854577,1.5875938e-05,4.5803157e-05,1.2914661e-06,1.157977e-05,0.0004324874,2.3899089e-05,2.3065322e-05,0.0008128992,8.736265e-05
0.000104202634,0.0012207952,0.0014487302,0.0062510315,0.9199202,2.1451742e-06,0.0007540809,0.06609162,1.3891491e-06,0.0042058877
6.383567e-14,3.116932e-12,3.7408486e-07,0.99977034,1.8834194e-10,6.763137e-11,9.093848e-05,1.458664e-22,0.00013822233,1.8831456e-07
0.0034435291,0.0008420659,0.604673,0.23010026,0.0016194462,0.0063593546,0.0737504,2.6085313e-06,0.059611436,0.019597884
0.00035303022,0.0017547467,0.0004884727,0.0005835508,0.002442939,0.00066581584,0.006275647,0.96241045,0.0068111857,0.018214215
0.00055315846,2.7450707e-05,0.9650743,0.0039031848,2.9216403e-06,0.00043211487,0.00023098836,9.122789e-09,0.0002596646,0.029516201
9.370059e-06,0.035896286,5.6509012e-05,0.00013023072,0.0019486984,0.00013845837,1.787602e-05,0.9551757,0.00020777177,0.0064189592
1.1360148e-28,1.5820242e-24,3.732604e-19,5.4921206e-10,7.1637387e-23,3.1695774e-16,1.5975481e-18,6.4602447e-34,1.0,9.3194204e-17
4.039183e-21,0.9999999,1.2718173e-17,7.0678394e-15,5.029515e-12,5.450216e-16,1.2270465e-20,1.939206e-12,2.8757812e-14,1.4640837e-07
1.5050603e-12,9.028534e-05,3.434871e-07,0.9971534,2.477075e-06,1.5656201e-06,0.0003286869,1.8036074e-16,0.0024230815,3.324995e-08
1.4326822e-19,1.0057487e-10,8.221196e-12,1.0,5.9733746e-14,1.8341103e-08,1.7663303e-09,1.8781212e-30,7.481028e-09,1.5049674e-08
0.02363078,0.0010703733,0.69421613,0.05100218,0.014079608,0.009810897,0.018404117,0.0015215889,0.012175526,0.17408885
2.9150006e-15,4.6245233e-35,6.341024e-26,1.7676906e-18,2.5725999e-20,1.0,2.6635018e-21,3.3369868e-27,5.1111386e-26,1.1427419e-15
1.3339723e-09,4.3421285e-05,0.99378395,0.001744773,8.427408e-06,2.7636768e-06,0.0043648267,1.4267592e-11,1.1553027e-05,4.0166207e-05
0.99801207,3.8459693e-05,0.0005485609,7.2542857e-06,0.0013432933,1.0260931e-05,1.6224232e-05,2.2863192e-05,2.8097018e-08,9.184415e-07
0.1905813,0.0019570864,0.089559704,0.08443369,0.0015172915,0.23125367,0.0071240063,0.01368688,0.049958408,0.32992798
2.7167566e-09,9.296812e-06,0.0043390202,0.9631502,0.00028144295,1.4086702e-07,0.029039813,1.1814447e-09,0.0005780323,0.0026020668
5.0906855e-17,8.0810765e-13,1.6252878e-06,0.9984665,8.027631e-09,3.382125e-16,0.0015315996,4.404369e-21,2.152833e-09,3.7449163e-07
0.0967895,0.006581894,0.18307072,0.046870273,0.021028904,0.02430944,0.071995564,0.02762182,0.005899485,0.51583236
0.0022746976,0.0029068463,0.0023623367,0.010598912,0.8923979,0.00779827,0.00056890224,0.059617016,0.00033988428,0.021135261
1.2137521e-18,3.671198e-15,3.0583806e-15,5.610774e-09,7.791879e-14,1.7425673e-10,9.413593e-12,1.215885e-16,1.0,2.0665514e-12
0.99771994,4.291123e-05,9.1885944e-05,2.9029695e-06,2.3129629e-05,0.00034137475,3.1664633e-05,7.797441e-05,0.0013504936,0.0003177252
0.0,0.0,0.0,0.0,1.0,0.0,0.0,0.0,0.0,0.0
0.00012643285,0.0044544,0.3071543,0.16754937,0.02889058,0.0023763415,0.032956954,0.00016544154,0.012267658,0.4440586
0.13341622,0.0043318,0.45779663,0.11665167,0.0070850784,0.0130034555,0.084448874,0.00029145577,0.06748068,0.11549416
7.3705376e-13,4.3023324e-12,4.127107e-09,3.499729e-05,3.4727818e-09,1.0842896e-05,1.6753957e-07,1.3012098e-14,0.999954,3.1408935e-09
6.7674056e-12,7.4018174e-11,1.5901912e-09,4.991508e-07,1.06646365e-10,1.5230383e-07,1.638209e-08,1.04219626e-10,0.9999993,4.0987307e-09
0.53414625,0.0023015204,0.05861712,0.021827891,0.015179472,0.017256834,0.040201467,0.04063751,0.00084044616,0.2689914
6.7776784e-17,0.99999654,1.6217963e-11,5.2017546e-09,3.0316548e-07,6.176122e-11,2.1406341e-13,2.420822e-09,2.123011e-10,3.119824e-06
1.1192615e-06,1.7057532e-07,5.885302e-10,5.1700035e-09,1.708582e-06,0.9999927,1.3511954e-11,3.8352428e-06,3.0484063e-07,1.1470138e-07
0.0,2.1884282e-31,9.207534e-34,6.3893725e-32,6.7110363e-26,2.1603066e-19,0.0,0.0,1.0,8.1686606e-35
0.003266103,0.03920352,0.0018785269,0.04415341,6.559245e-05,0.8998508,5.8553953e-05,6.4440094e-08,6.5405744e-05,0.0114580775
3.1274543e-09,0.9868196,0.00014680742,2.7123576e-06,3.5284524e-05,8.197414e-07,4.680345e-09,7.6491325e-13,1.7833708e-09,0.012994794
1.9195432e-09,1.3357905e-09,2.3987177e-09,2.2310698e-10,1.7975943e-06,0.999998,1.9157348e-10,2.0547829e-07,2.1623785e-09,1.6482671e-09
1.3406006e-06,1.9800177e-06,1.9467247e-08,6.289828e-07,6.838838e-05,6.008511e-06,6.64987e-06,0.99990606,6.4419937e-06,2.455438e-06
6.6925376e-09,0.9957581,3.2565166e-09,1.5456216e-06,1.0207239e-06,3.0846934e-07,6.377032e-13,2.8471725e-11,1.7906726e-10,0.0042389194
0.9999956,3.5396238e-11,5.068585e-11,1.0527684e-08,4.114403e-06,2.5273376e-13,1.3836701e-10,1.9313919e-07,1.1968518e-11,2.4388457e-11
7.171229e-11,5.6121052e-14,3.7604503e-11,5.407143e-07,2.0577318e-12,2.9721e-08,1.7086624e-11,3.2089304e-17,0.9999994,2.0524208e-08
0.9999957,3.1652858e-09,2.7658922e-07,1.0404174e-09,2.2456081e-08,3.676423e-06,3.322279e-07,1.2287211e-08,2.3481692e-10,7.655898e-11
6.7165115e-12,1.0318327e-09,1.23739555e-05,0.9959794,6.252662e-08,4.040634e-12,0.0039915517,8.378162e-16,3.723632e-06,1.2893693e-05
1.5783783e-06,6.970287e-05,0.9494375,0.017053958,0.00059035514,0.008481865,0.0047040405,3.7044574e-06,0.010022723,0.009634591
4.2235965e-06,0.00012483439,0.87981457,0.104738325,2.416052e-05,0.0007962137,0.008933143,3.938086e-08,0.00021214037,0.00535227
0.0,0.0,6.590341e-37,1.574518e-37,1.0,0.0,0.0,0.0,0.0,0.0
4.062882e-08,1.6481166e-05,2.3269546e-10,6.2601018e-09,2.5091744e-05,2.1435551e-11,1.2359648e-08,0.9999572,5.5572817e-09,1.2079914e-06
2.9045048e-15,3.679329e-11,1.5196548e-06,0.00086950144,6.127624e-07,2.3692603e-21,0.9991284,2.1478589e-21,5.412915e-10,2.5672495e-14
0.9999999,6.4307e-16,2.2143447e-14,1.0034162e-11,7.6080084e-15,4.3235342e-11,2.4084354e-10,1.6131964e-16,3.5193606e-12,8.983592e-08
8.180373e-07,5.546692e-06,1.5926313e-08,1.4789288e-07,0.00022804363,1.1676433e-08,5.352832e-08,0.9997639,4.6944015e-10,1.4823693e-06
0.08116206,0.006461221,0.5439778,0.046030078,0.030609885,0.016863815,0.07773655,0.02069776,0.013979107,0.16248168
0.012773352,0.0007861842,7.586488e-05,0.0026206803,0.00021383505,0.00029226977,0.0046532727,0.010056265,0.9664295,0.0020987527
5.085707e-23,5.4183803e-14,5.4068314e-09,3.8401433e-09,1.0,9.486771e-20,3.4218213e-19,1.5780678e-12,2.5284282e-21,1.7622733e-15
2.0282475e-23,4.1569827e-15,1.5525742e-08,0.99854386,5.049367e-11,7.2505607e-23,0.0003391471,9.213678e-35,0.0011170396,1.4096217e-14
0.0,1.4737955e-21,1.2405376e-24,1.2895063e-18,1.0,7.561778e-36,4.7752547e-35,2.7156658e-18,0.0,1.4375246e-30
0.009290331,0.0037346173,0.029264774,0.03590435,0.003168134,0.016534606,0.0393029,0.08347491,0.7593055,0.020019848
2.0126599e-08,6.058815e-07,8.67081e-07,0.00019224215,2.5228826e-07,4.3607724e-05,8.356202e-06,1.2932517e-07,0.9997466,7.2238117e-06
2.9618047e-06,0.00014883079,6.3258994e-05,0.00074487604,2.722464e-05,0.00016078532,8.911344e-06,8.539292e-05,0.0002046808,0.9985531
0.0005477487,0.024928948,0.019314736,0.053879995,0.70705444,0.0024553274,0.038750608,5.8617923e-05,0.0030313868,0.14997806
2.7154563e-05,7.9914213e-07,0.86911273,3.0084777e-05,1.4951213e-06,1.6226278e-06,3.8603083e-08,5.669266e-06,3.1227792e-06,0.13081738
4.3355666e-26,1.0,7.940407e-22,1.347631e-21,1.425574e-18,1.8214822e-24,2.9521403e-31,2.9774166e-24,6.623859e-23,1.91323e-10
0.00023045485,3.304135e-05,3.54863e-08,3.4605662e-08,4.814074e-06,1.1999119e-06,2.8459232e-07,0.99972564,7.346858e-07,3.8313856e-06
1.7699023e-05,0.98251015,0.00028942534,2.0436932e-05,0.0009051065,1.4629321e-06,5.3079776e-07,5.593551e-07,7.4006225e-06,0.016247388
0.0035190093,0.0011673813,0.011898468,0.03913028,0.898464,0.0033380315,0.009643553,0.007784736,0.00042087093,0.024633637
5.4489926e-15,4.0436635e-13,1.0417592e-11,2.048011e-08,1.1291975e-12,3.03474e-09,4.8314946e-10,2.0443295e-13,1.0,2.4539934e-11
1.7147528e-07,3.4127876e-08,0.93210804,0.061644837,0.00010127416,5.357696e-07,0.0012021478,6.362557e-10,0.0049112593,3.166481e-05
5.3670474e-06,1.1768342e-09,2.275742e-05,0.00020040985,2.7252705e-11,0.99811566,1.3646022e-09,1.8641835e-09,5.0545236e-07,0.001655375
7.748793e-05,1.9649715e-06,0.98876536,0.009405595,0.00040746582,0.00029413332,0.00036085048,1.14333616e-07,1.7657569e-06,0.0006854685
3.2121159e-10,5.2311183e-11,6.956009e-11,4.8477914e-12,1.6290185e-08,1.0,4.742308e-12,1.2237487e-09,1.6397624e-10,2.328786e-10
1.0332492e-14,1.2097062e-10,5.715693e-05,0.99527776,3.2873568e-10,3.1635268e-09,0.0003185745,1.5251283e-21,0.0043464294,1.36469716e-08
0.0,0.0,0.0,4.0080004e-26,0.0,1.601645e-30,2.6457688e-37,0.0,1.0,5.6141837e-37
0.52547127,0.0002661642,0.23306775,0.02326188,0.0013737279,0.0045935577,0.0027211215,3.624004e-05,0.042128876,0.16707933
1.4728752e-19,1.8078277e-13,1.1105275e-12,3.1809262e-09,1.0,8.565149e-22,1.1728516e-17,5.155516e-13,2.4708277e-21,2.064488e-11
6.2656713e-06,0.00016758415,1.22206645e-08,4.7463558e-09,1.23211645e-08,3.7537276e-07,2.1469122e-09,0.99980646,6.5750174e-07,1.8651705e-05
0.3172202,0.00048417124,0.20919205,0.061611854,0.000836596,0.048616722,0.003941641,0.00023366393,0.10129271,0.25657046
1.6980243e-07,0.00025474827,4.0069426e-06,1.2569722e-06,2.8226112e-05,2.8407097e-05,8.003208e-07,0.9994742,1.6479067e-05,0.00019154423
7.624807e-09,3.7529233e-09,0.00018983115,0.97665566,5.7870743e-06,1.8186936e-09,0.009210607,3.7526973e-15,0.013936174,1.915548e-06
0.010833264,0.0003505107,0.0015082066,0.0023853327,0.0013907899,0.9824399,0.00016666327,0.00035843052,0.00028547022,0.0002814223
2.7756002e-07,0.00012752101,0.00012270348,0.00048356832,4.2871674e-05,3.340187e-05,2.8458246e-06,8.004664e-07,1.5965676e-05,0.99917006
0.0036634584,0.0030974895,0.6172384,0.045539703,0.0026617667,0.10308948,0.02688263,0.0005868606,0.0024423776,0.19479787
3.035588e-07,5.0590966e-06,6.764111e-07,4.6092094e-07,7.9607535e-06,0.99995995,6.4901354e-07,2.9324767e-06,1.3787481e-05,8.430948e-06
1.6084579e-08,0.00029899165,0.24162726,0.6328848,0.0014915214,3.0632862e-05,0.06724149,1.2901694e-11,0.051703453,0.0047218376
0.11319868,0.006449332,0.6416349,0.025620786,0.010082134,0.009642548,0.014086144,0.0017661069,0.0068248217,0.17069459
0.0625697,0.014062596,0.4346564,0.09549428,0.029276574,0.037577663,0.10744416,0.0114231305,0.01350206,0.19399334
0.00089217164,3.812955e-05,4.2549735e-05,0.00992738,8.179465e-06,0.979439,8.155104e-07,1.58075e-06,0.00088055903,0.008769505
0.012861685,0.0024712856,0.7926572,0.11390198,0.0033606614,0.00055789354,0.029363874,3.2210635e-05,0.00309314,0.04170007
0.061687738,0.010590906,0.29698104,0.22513568,0.042270016,0.01349867,0.198869,0.0041228076,0.045807324,0.10103681
1.2347422e-08,3.7004216e-10,3.5860363e-11,1.4524038e-07,6.906948e-13,0.99999356,5.2544843e-11,4.503037e-12,8.748355e-09,6.260088e-06
0.99156535,2.9994535e-05,0.002965541,0.00077944464,0.0010118692,8.7803586e-05,6.768804e-05,2.540924e-07,0.00029015736,0.0032019597
1.2215423e-17,4.4654733e-09,4.645622e-18,4.7797253e-14,1.1575093e-08,1.0366701e-24,3.45756e-21,1.0,1.4621303e-22,2.9145102e-12
1.6916213e-24,1.76541e-21,1.328626e-15,2.1030478e-18,1.0,2.1255555e-28,3.1815953e-23,2.7706216e-11,2.1124136e-34,2.9218278e-28
1.1144029e-11,1.2090277e-06,3.567133e-13,1.1810998e-13,3.356953e-10,1.1263998e-11,1.8164249e-12,0.99999833,2.386372e-11,4.950642e-07
0.0012325469,0.0009795516,0.025562419,0.08602008,0.88016295,0.0017485125,0.001255582,0.0017099486,4.3000728e-05,0.0012854829
0.009581691,0.0034752376,0.47652188,0.23922016,0.012326506,0.012596876,0.128071,0.0003523267,0.06655267,0.051301613
0.008290066,0.043631423,0.007358647,0.3664179,0.036753863,0.027237378,0.25484046,0.023009418,0.22626328,0.0061975503
0.015927332,0.024047151,0.36137387,0.062087953,0.13810556,0.010755618,0.22796063,0.012884048,0.007893913,0.13896392
0.014312937,0.00071738433,0.19064374,0.01561822,8.220617e-05,0.66444343,0.0011639629,9.230034e-06,0.00030726465,0.112701595
0.07714532,0.003516585,0.5617151,0.053995665,0.024970984,0.020101907,0.060769532,0.008258516,0.017697938,0.17182839
3.0529684e-06,1.9952539e-07,8.37738e-09,9.2750546e-05,1.2959632e-06,0.9986809,1.7443205e-09,7.0326104e-07,1.1365199e-05,0.0012096249
0.0006267799,0.0059374594,0.045034483,0.4362835,0.05545379,0.0072925133,0.123021506,0.00015403924,0.10626175,0.21993417
5.3015095e-09,1.1556262e-08,2.0880457e-06,6.9058e-05,7.733424e-08,1.8063318e-05,1.2964025e-05,4.657544e-09,0.9998958,1.8700919e-06
4.1235634e-10,1.4239183e-07,0.00026409692,0.045856964,8.895273e-05,2.5401724e-14,0.9537859,9.978452e-15,3.921867e-06,9.2204235e-09
0.99999225,2.861433e-08,3.2764112e-07,9.1924235e-08,6.324808e-09,1.1923986e-06,8.417381e-07,5.0705535e-06,3.1818136e-08,8.061846e-08
1.03662945e-08,9.2321767e-07,4.0476024e-08,3.3104084e-07,4.9318216e-05,0.99994874,4.0953687e-08,3.2329257e-08,1.5955978e-07,2.9806478e-07
0.0045747743,0.331243,0.020897362,0.016946372,0.16670291,0.0048709502,0.0028397483,0.059197202,0.014616378,0.37811115
0.98465085,0.00012504976,0.008715647,0.0044264323,0.00038214153,0.00016670352,0.00013043359,5.9079714e-08,0.00011461245,0.001288126
1.4520157e-23,4.182471e-15,0.99999774,6.0953546e-08,6.61069e-07,1.4964076e-13,1.3374594e-06,1.7217178e-20,1.3480876e-07,2.437251e-15
0.22395204,0.008707482,0.4950357,0.05733056,0.007929304,0.029115867,0.03756067,0.0011347468,0.020856882,0.118376665
2.0950108e-30,1.187194e-22,4.4322673e-13,4.3391246e-06,3.8248262e-17,1.2482308e-18,3.410184e-11,3.427669e-36,0.9999957,6.896437e-19
1.4449539e-06,0.0011706344,1.8906859e-07,1.2310709e-07,7.84691e-06,7.8226776e-08,2.428204e-06,0.99781406,1.4433577e-06,0.0010017188
1.2476964e-21,5.3289986e-17,2.7999367e-14,1.1501405e-13,1.0,2.6655224e-30,6.7837094e-15,3.0032242e-21,1.5730936e-24,2.4643349e-08
1.3281875e-05,0.00019124504,3.7588934e-06,7.990703e-06,8.598123e-06,8.6665e-06,2.0263674e-06,0.9994875,0.00021945682,5.7430392e-05
1.2196366e-19,1.8090551e-21,4.3403055e-12,6.751095e-14,1.0,7.959419e-30,1.070087e-18,1.4305423e-18,6.797938e-28,1.4438147e-11
0.0130792875,0.045406204,0.096280545,0.03504626,0.001621567,0.120892316,0.004321148,0.00077553984,0.00866238,0.6739148
4.735065e-13,4.0527588e-13,4.2927737e-09,1.8852376e-06,5.354833e-11,1.5904818e-07,1.6725263e-08,1.7359214e-15,0.999998,7.892634e-10
2.5269398e-09,7.2790857e-10,8.32021e-10,3.0727496e-10,3.302659e-06,0.9999964,6.8630124e-10,1.9735178e-07,3.7377106e-09,7.765043e-10
3.0205487e-22,1.1961583e-23,3.4724286e-22,1.00429103e-19,1.0,1.3284284e-30,4.608129e-20,5.9793644e-16,0.0,7.6667825e-35
0.00021277282,0.0016256799,0.2727544,0.45237067,0.021295028,5.738594e-05,0.034596898,1.0195276e-05,0.0021503656,0.21492667
0.0,0.0,1.2364649e-32,2.1045425e-31,1.0,0.0,0.0,1.7891986e-38,0.0,0.0
0.014164897,6.0744005e-05,0.0007035822,0.01452744,0.0005431172,0.9467946,0.00015770679,0.00036539292,0.002154398,0.02052809
6.377465e-17,2.3895534e-20,1.7011088e-23,2.694239e-22,7.428967e-14,1.0,3.398864e-24,5.9324964e-15,5.1712503e-18,3.092393e-21
3.0887586e-12,0.9998056,2.2828301e-09,1.0595988e-07,0.00016629475,1.4351548e-08,3.4190714e-10,8.812719e-06,1.4029867e-09,1.9131821e-05
0.0011709903,0.007815138,0.7394044,0.04784409,0.03313676,0.0030856915,0.01702562,0.0024660577,0.014643118,0.13340819
3.1240088e-05,5.4118877e-06,4.8357084e-05,2.1685239e-05,3.7274353e-05,9.3032926e-05,5.034963e-07,0.9548543,7.5576218e-06,0.044900563
0.07912016,0.0015130534,0.06060952,0.017191347,0.03402961,0.0048363325,0.007602668,0.05336482,0.017928356,0.7238042
0.9999908,1.19116535e-07,1.15670254e-07,7.192026e-08,1.26851685e-08,6.728971e-07,1.7463246e-06,6.237342e-06,2.7986648e-08,5.9075877e-08
2.727456e-14,3.010316e-12,4.3928317e-06,0.99992025,5.5330367e-09,1.2069938e-09,5.75974e-05,1.0538675e-17,1.16772565e-08,1.7751023e-05
0.012034193,0.017390287,0.029210966,0.024846723,0.03930766,0.0026165275,0.02376981,0.37762043,0.006177052,0.46702626
0.0008043588,0.00045219105,0.0013803404,0.0050057787,0.85311013,0.0018591144,0.0003015828,0.018519096,0.00047666748,0.11809082
0.87230545,0.0008857305,0.08129315,0.013997869,0.00023387332,0.011045261,0.0015848198,7.0975227e-07,0.0008017701,0.017851453
9.795614e-33,2.5287982e-25,1.5088705e-15,4.1155654e-06,2.0584934e-20,7.3969877e-20,3.7490696e-12,0.0,0.9999958,5.3675867e-21
0.00012921408,0.35831377,1.113512e-05,4.9988384e-06,8.201827e-10,0.36273512,2.4211835e-10,9.777991e-07,5.543858e-06,0.2787993
3.7820226e-27,1.0,2.3785752e-21,1.3612637e-17,6.899181e-14,3.1887722e-18,4.798287e-25,2.3250762e-17,3.9169507e-17,8.434666e-09
0.0,0.0,2.4493157e-31,4.5217506e-31,1.0,0.0,0.0,1.585669e-37,0.0,0.0
2.1574844e-13,5.96765e-13,8.299923e-13,9.504719e-09,2.1598673e-14,6.535968e-09,2.0511549e-11,3.6409284e-14,1.0,4.4204626e-11
1.0135832e-06,3.7752483e-07,1.7575279e-07,1.6691617e-08,3.4573768e-06,4.454247e-07,1.5109045e-08,0.9995351,1.7820054e-07,0.0004592626
4.5132133e-06,8.259844e-05,0.0051007024,0.001288708,0.9841219,3.0863207e-06,0.00016497671,0.00910628,1.1051575e-06,0.00012620585
3.5950205e-12,1.2540198e-11,8.323851e-11,4.9171767e-08,4.669213e-11,4.099291e-07,2.71944e-09,1.7565159e-09,0.9999995,1.7618946e-09
1.1075147e-10,2.8944943e-13,2.3404209e-11,8.308038e-05,6.00828e-12,2.1784356e-07,1.7881826e-08,2.323482e-16,0.99991643,1.9787836e-07
7.558867e-07,1.4591454e-08,4.3938968e-08,3.558552e-11,4.3976698e-08,1.1398341e-06,5.441013e-12,2.0692746e-06,1.4672165e-08,0.99999595
1.9801944e-34,7.11578e-22,8.212471e-26,5.0591567e-24,1.0,0.0,3.6377506e-32,4.337962e-20,0.0,1.3291113e-17
0.0011415825,0.00050106813,0.003521837,0.015858375,0.00044591472,0.0053295456,0.011277265,0.003047053,0.9547771,0.0041002403
0.9999851,4.655662e-08,8.980265e-06,3.511119e-10,3.2041994e-06,3.2970107e-08,1.0982879e-07,2.5711254e-06,2.3150204e-08,2.5219877e-11
1.2449365e-07,1.2846479e-08,3.0117295e-08,4.450451e-09,4.568288e-06,0.99999475,5.9466787e-09,3.1023592e-07,2.9130225e-08,7.8758944e-08
2.1265516e-08,1.6133349e-06,0.010454809,0.87726134,2.2780673e-06,3.9740016e-06,0.032579355,8.718148e-13,0.079683594,1.3101674e-05
0.0008376898,4.1315903e-05,1.0922664e-06,0.0015149557,4.88301e-06,0.0006765673,0.00040991508,5.9768666e-07,0.99555725,0.00095574715
7.642488e-05,0.00148517,0.20210826,0.29782668,0.0018496058,0.0029359304,0.070741676,1.8905096e-06,0.015531944,0.4074424
1.6238055e-13,4.9646987e-10,1.6141621e-09,7.049325e-08,0.99999976,1.0992998e-14,3.5897865e-12,1.8585557e-07,1.0941075e-15,2.0280158e-11
3.4620277e-06,0.00044893372,2.810459e-08,1.100122e-07,2.068776e-06,2.600259e-06,1.3535862e-07,0.9995233,7.798363e-06,1.1505597e-05
1.1398729e-12,1.0890715e-08,2.9757522e-05,0.27393535,9.3977405e-06,1.9222726e-18,0.7260125,2.0652634e-20,1.2910598e-05,2.4841746e-09
2.7138137e-07,5.404779e-05,3.0417019e-05,0.015162111,0.9846229,1.9035846e-05,2.016768e-05,2.262357e-07,7.8927615e-06,8.296338e-05
0.8849481,0.007093628,0.03765509,0.019805674,0.0064265523,0.0011831736,0.025339937,0.0065084887,0.0041135503,0.0069257696
5.889658e-15,1.1157274e-09,3.1543316e-06,0.9998024,2.3761746e-09,1.5308377e-10,3.9487906e-05,1.895565e-20,0.00015488963,1.24628095e-08
2.170032e-11,1.9101238e-07,3.064298e-09,2.7262413e-07,1.6881011e-05,1.0324248e-10,0.9999825,9.661548e-11,1.9841517e-08,6.223345e-08
0.0,0.0,0.0,0.0,1.0,0.0,0.0,0.0,0.0,0.0
0.0,1.0,0.0,0.0,0.0,0.0,0.0,0.0,0.0,1.6992379e-34
3.888675e-12,2.0376773e-13,2.0216198e-09,2.0781605e-09,0.99977916,1.979976e-19,7.0186587e-12,3.0483665e-14,1.2336768e-16,0.00022082795
0.9693726,7.608271e-05,0.011465812,0.0014252658,0.0023566717,0.0010310599,0.00011038216,1.1481623e-05,0.0038903058,0.010260363
6.937046e-05,0.00027283985,0.6521714,0.2281789,0.0206016,0.00011020416,0.031436518,3.3407425e-06,0.06164442,0.005511406
1.7780711e-06,3.8973514e-08,5.1376595e-08,1.0196081e-05,1.3506427e-05,0.999923,6.4155516e-09,2.5346444e-05,1.3413339e-05,1.2664456e-05
6.819217e-05,2.5108468e-05,0.00035763686,0.0024754645,7.4875374e-05,0.0013638537,0.000642645,0.00016849065,0.99229723,0.0025264912
0.00019202424,0.00010325987,0.87297446,0.006646891,6.94986e-06,0.004221865,0.04601644,1.3816854e-06,0.0015329764,0.06830381
0.06288198,0.005912187,0.34389222,0.033448678,0.13884637,0.0068310443,0.16004243,0.18387736,0.0035691636,0.060698573
1.0045352e-05,1.5421104e-07,8.0999016e-05,0.00043574473,3.312588e-07,1.7310607e-05,1.0254283e-06,5.980545e-11,0.9990243,0.00043014542
0.9973832,8.976297e-09,4.8021142e-05,1.2987706e-05,1.5852403e-07,1.2901668e-06,1.4290565e-07,1.4109222e-13,4.2569982e-07,0.0025538388
0.0173558,0.022450589,0.23678423,0.07118684,0.15969141,0.0070288414,0.050310902,0.11321929,0.0057910625,0.316181
8.5145113e-10,3.0478714e-10,7.69218e-09,3.2521638e-07,2.0769182e-10,3.447166e-06,2.1937873e-11,9.278388e-15,0.9999962,5.0862404e-08
0.11510773,0.028564291,0.09581338,0.028198753,0.0740774,0.019210178,0.06996545,0.4964201,0.012958768,0.059683952
7.583571e-09,1.0892292e-06,0.050293718,0.9397852,0.0015582392,4.6897425e-10,0.0070031686,9.127516e-11,0.0013118412,4.6813446e-05
2.7228247e-05,2.5716764e-09,2.2280132e-05,0.00019620928,5.6627807e-11,0.9978942,3.7194509e-10,7.461684e-10,1.8397374e-07,0.0018599776
3.708102e-15,2.3216376e-13,1.9994928e-12,1.5357982e-08,1.310187e-12,3.6155887e-09,2.2526123e-10,2.538838e-13,1.0,4.791663e-11
7.0732736e-16,3.836158e-11,4.37804e-07,0.9957768,2.7535927e-09,5.789793e-18,0.004222323,4.0517407e-20,5.280667e-07,6.9101147e-10
2.307004e-36,2.3711295e-35,3.0246634e-23,5.0206067e-10,2.843818e-29,2.1026792e-25,1.07599654e-20,0.0,1.0,6.674563e-23
5.6396416e-08,2.8994128e-07,6.011016e-06,5.825862e-07,0.9996191,1.858954e-09,1.8793929e-07,0.0003737552,9.971647e-12,7.5658063e-10
7.412648e-05,1.0627757e-05,0.00010602352,0.00916111,2.387044e-05,0.00018433643,0.00022751724,1.9845656e-06,0.98926455,0.00094594446
5.482776e-16,9.946297e-12,9.498951e-09,0.99970394,1.7956608e-10,1.7415985e-15,0.00029575508,9.599596e-21,2.381083e-07,1.3687597e-08
0.087835066,0.0036202192,0.56689495,0.052182764,0.022672877,0.021662457,0.05862461,0.008350468,0.019575918,0.15858057
0.0123234475,0.005321918,0.42688474,0.29604784,0.0066899564,0.02569717,0.08472235,0.00041067804,0.068009846,0.0738921
0.99990606,5.553329e-10,1.3386933e-06,1.7476727e-06,7.221667e-09,1.939854e-07,7.082014e-09,4.7077727e-15,2.8412822e-08,9.065476e-05
0.00022984455,9.487994e-06,0.0051252227,0.0010603156,1.9217778e-05,0.0023147147,1.0842018e-05,0.0009663546,0.00044495956,0.989819
7.399228e-07,3.4229953e-07,0.74423426,0.16940461,0.00015730604,3.4754428e-06,0.013807423,1.0998809e-09,0.072241604,0.00015021948
3.274601e-05,0.00041279,0.07892405,0.65315175,0.0023450688,4.1444036e-06,0.20190649,1.1750888e-08,0.061316527,0.001906403
1.2910581e-16,1.4736257e-15,1.7869796e-14,7.7824405e-12,6.3136464e-13,3.8721576e-10,1.7882301e-15,5.723369e-20,1.0,6.723413e-11
3.636996e-20,7.837246e-15,1.1007861e-13,2.2853924e-12,1.0,6.3897402e-24,4.988666e-18,1.555415e-14,1.0453186e-25,2.2976912e-16
0.99949074,5.273856e-07,0.00024833076,2.5066491e-08,2.2759018e-07,0.00025613693,3.8299227e-06,1.3123173e-07,1.0252362e-08,7.564697e-08
1.6821453e-22,8.826296e-14,8.554333e-10,0.00064776087,4.177275e-12,4.2746767e-10,1.490374e-08,1.8422565e-26,0.9993523,5.1263455e-10
2.0387307e-10,9.3171e-13,7.9613893e-10,0.0005283192,2.4780927e-10,5.166617e-08,3.491928e-07,1.1998463e-17,0.99947065,5.864421e-07
0.00018266472,1.779034e-05,0.0020806547,0.0026275353,0.0012691579,0.0006440188,0.00016703835,1.0316148e-06,0.9908813,0.0021287757
2.7579365e-05,0.0005070636,1.5322994e-05,1.4359713e-05,0.000538153,6.165863e-05,2.7021593e-05,0.9986076,4.2427942e-05,0.00015890956
0.9992126,5.3437006e-06,0.00059578795,2.3689212e-07,1.3984197e-05,7.474141e-05,8.910586e-05,7.5481394e-06,4.7155833e-08,5.7108997e-07
0.00021844481,0.005510129,0.0014251301,0.008445718,0.779378,0.0022101472,0.00046521187,0.0036534928,0.001400372,0.19729342
0.00014979587,0.000669363,0.003928741,0.024517406,0.00011529627,0.9382376,0.004816827,5.7426212e-05,0.027224855,0.00028253908
0.025790086,0.004432651,0.0060444637,0.0027905356,0.022531698,0.0029325834,0.0055541014,0.92340213,0.002411141,0.004110562
4.121728e-11,0.9987336,2.2739522e-07,4.7606864e-07,0.00015454207,8.529082e-07,2.1563311e-09,4.177288e-05,3.049605e-08,0.0010685498
0.00017504308,0.00084906333,0.022553923,0.0010133891,0.0019390746,4.9593556e-05,2.7619928e-05,0.0012034605,0.00022505064,0.9719639
0.0007230479,0.00033982247,0.00046307553,0.00054293254,0.63931465,6.6367056e-06,0.031602148,0.00038967698,7.884579e-05,0.3265392
2.2131383e-06,1.2729159e-11,3.0439323e-10,9.2748895e-14,1.6072249e-06,1.8064087e-08,4.073424e-11,8.441848e-12,6.5314347e-12,0.9999962
0.0017120958,0.00011022471,0.021636248,0.024803601,0.0021414896,0.00030096498,0.0006808172,0.0033495002,0.0026140173,0.94265103
0.0,1.0,5.6114434e-37,3.5651201e-31,1.436804e-26,3.2182842e-33,0.0,9.603122e-31,1.7339611e-28,2.3353274e-15
0.002225002,0.0034501345,0.13556412,0.05275266,0.05222222,0.00397881,0.01714745,0.0005813832,0.0005209006,0.73155737
0.99988914,5.0509574e-10,6.862097e-05,1.9001132e-05,9.082625e-08,8.505591e-08,1.6456823e-08,5.2868693e-14,4.8961865e-06,1.8117025e-05
0.23009221,0.00071283797,0.038561173,0.08063517,0.0019666008,0.0047978186,0.0037401582,0.00028068016,0.002760405,0.636453
0.99998224,3.685191e-08,3.5077892e-06,9.026936e-09,2.4107084e-07,1.2813192e-05,1.0404109e-06,1.06317316e-07,1.0395584e-09,2.6901523e-09
0.0033035416,0.0042605093,0.39810482,0.09373316,0.018462025,0.0024113052,0.4623121,0.00036624438,0.0036647432,0.013381488
3.136392e-09,4.578742e-13,1.1909443e-09,1.6182724e-06,1.2507143e-11,4.9087543e-08,1.2127317e-10,4.074188e-17,0.999998,3.0553667e-07
6.4487796e-07,8.187862e-07,3.848609e-09,2.808988e-08,5.9926366e-05,2.142718e-10,5.1873048e-08,0.999938,7.357955e-11,4.8770687e-07
9.719781e-21,3.237178e-22,8.248477e-20,4.22872e-13,3.422745e-21,2.1613755e-14,1.4231982e-20,1.0608563e-26,1.0,1.5869637e-15
0.02231442,0.007639127,0.08389706,0.35197833,0.032888982,0.0048890146,0.32589805,0.0015788329,0.0630864,0.105829835
0.20923537,0.009507756,0.35077327,0.07766956,0.01309452,0.008952951,0.040547792,0.0003923511,0.014961273,0.2748652
0.035554416,0.033527825,0.12601332,0.06326095,0.004465568,0.0311326,0.0034859315,0.0011132869,0.001915413,0.6995307
1.621526e-05,0.0058835354,0.12205397,0.7561684,1.2055548e-05,0.049379207,0.0013932378,6.0352825e-08,0.0148482295,0.05024507
1.3710479e-07,5.386397e-07,8.536187e-11,3.695799e-10,6.7929983e-07,2.8630407e-11,1.1653584e-08,0.99999857,1.1417104e-10,3.534034e-08
0.043330718,0.00068384275,0.19966576,0.06334631,0.00015565791,0.19371325,0.0013238875,0.00022537367,0.0011667388,0.4963885
2.6426735e-06,2.2673526e-06,1.3363234e-05,3.2653534e-07,9.1174667e-07,0.9999733,2.9394053e-07,2.3623777e-06,4.0994437e-06,4.3602884e-07
6.8959744e-06,2.9788196e-06,0.0003749416,0.000870066,4.7829402e-05,0.00011308211,0.00012493506,6.7145384e-06,0.99829274,0.00015978159
0.005337089,0.0020315577,0.5980096,0.08675429,0.0011652744,0.0023024231,0.2581236,0.00036281816,0.010459093,0.03545424
4.2116853e-14,1.3530737e-09,1.1141171e-16,1.7153352e-14,3.543706e-11,1.3725104e-10,1.2373976e-12,1.0,7.169469e-11,6.9787524e-13
1.286442e-05,1.7491764e-06,0.00041513352,0.5167973,2.9168832e-06,0.009917143,0.00014303671,1.031704e-08,1.8580125e-05,0.47269136
1.4585392e-09,1.2736998e-09,1.6678786e-09,1.3969012e-10,1.3460248e-06,0.99999857,1.3321648e-10,1.2413005e-07,1.5636713e-09,1.2621136e-09
9.1054855e-05,0.004412638,0.25156295,0.3454744,0.007871889,0.00016697205,0.34971553,1.3321505e-06,0.03492599,0.0057772608
0.006466966,0.0050907247,0.007941479,0.0022885334,2.7125736e-05,0.29374775,4.370467e-06,0.00033415874,7.3530064e-05,0.6840253
0.00032098062,1.779024e-05,0.9408176,0.01370964,0.00078448915,0.00017949575,0.0013826411,4.108546e-06,0.008788406,0.033994827
5.739712e-07,9.2097054e-07,2.461396e-10,1.0238363e-09,8.3159557e-10,0.999998,1.6362558e-15,1.3727911e-09,1.0263611e-12,4.7501135e-07
7.196585e-08,9.601127e-06,0.0018766194,0.9833055,2.0938674e-05,4.103004e-07,0.014149832,4.7684473e-10,0.00018014059,0.00045697019
6.3119123e-09,1.3304588e-08,2.6751846e-07,8.2485595e-11,1.915173e-09,0.99999976,1.0216246e-12,3.44897e-10,2.7816638e-13,2.704439e-10
0.0067139645,0.0006378773,0.1806341,0.024919646,0.0013944367,0.6851745,0.0010074577,0.00019069196,0.000728343,0.09859903
0.9999863,4.221641e-10,1.2987292e-06,9.344111e-06,1.0192394e-06,6.557068e-09,2.4914895e-09,5.4673683e-14,2.6492105e-08,1.9640493e-06
